{
  "arch": "mobilenet_v3_small",
  "lr": 0.0003,
  "weight_decay": 0.0001,
  "epochs": 15,
  "early_stop_patience": 3,
  "min_delta": 0.0,
  "seeds": [
    1,
    2,
    3
  ],
  "results": [
    {
      "seed": 1,
      "lr": 0.0003,
      "weight_decay": 0.0001,
      "epochs": 15,
      "best_epoch": 1,
      "best_val_loss": 0.17625767404311582,
      "best_val_acc": 0.9210526315789473,
      "test_acc": 0.875,
      "test_loss": 0.21653900295495987,
      "time_sec": 62.03713893890381,
      "ckpt_path": "/Users/JW/Documents/mlzoomcamp/capstone2-cats-dogs/models/mobilenetv3_lr0.0003_wd0.0001_seed1.pt"
    },
    {
      "seed": 2,
      "lr": 0.0003,
      "weight_decay": 0.0001,
      "epochs": 15,
      "best_epoch": 2,
      "best_val_loss": 0.20354455274840197,
      "best_val_acc": 0.9210526315789473,
      "test_acc": 0.921875,
      "test_loss": 0.25937361270189285,
      "time_sec": 57.679779052734375,
      "ckpt_path": "/Users/JW/Documents/mlzoomcamp/capstone2-cats-dogs/models/mobilenetv3_lr0.0003_wd0.0001_seed2.pt"
    },
    {
      "seed": 3,
      "lr": 0.0003,
      "weight_decay": 0.0001,
      "epochs": 15,
      "best_epoch": 1,
      "best_val_loss": 0.1918935298658254,
      "best_val_acc": 0.9473684210526315,
      "test_acc": 0.921875,
      "test_loss": 0.2077053301036358,
      "time_sec": 46.0492160320282,
      "ckpt_path": "/Users/JW/Documents/mlzoomcamp/capstone2-cats-dogs/models/mobilenetv3_lr0.0003_wd0.0001_seed3.pt"
    }
  ]
}